2020-01-19 02:45:44, Center Lane, Titusville, Florida, United States, 32780
2020-01-20 01:16:29, Sophia Avenue, Los Angeles, California, United States, 91406
2020-01-20 02:11:35, SpaceX Starlink Entrance, Hawthorne, California, United States, 90250
2020-01-20 23:14:21, Center Lane, Titusville, Florida, United States, 32780
2020-01-21 05:33:04, Boring Test Tunnel, Hawthorne, California, United States, 90250
2020-01-24 23:45:04, Center Lane, Titusville, Florida, United States, 32780
2020-01-25 06:54:14, Sophia Avenue, Los Angeles, California, United States, 91406
2020-01-26 21:19:07, Northside Parkway, Los Angeles, California, United States, 90045
2020-01-26 21:24:52, , Los Angeles, California, United States, 90245
2020-01-27 01:35:46, International Road, Los Angeles, California, United States, 90045
2020-01-27 20:50:35, Boring Test Tunnel, Hawthorne, California, United States, 90250
2020-01-28 07:08:58, Sophia Avenue, Los Angeles, California, United States, 91406
2020-01-28 08:13:05, Airport Boulevard, San Jose, California, United States, 95110
2020-01-28 20:33:45, Boring Test Tunnel, Hawthorne, California, United States, 90250
2020-01-30 02:31:43, Airport Boulevard, San Jose, California, United States, 95110
2020-01-30 07:13:02, Sophia Avenue, Los Angeles, California, United States, 91406
2020-01-30 07:55:01, Boring Test Tunnel, Hawthorne, California, United States, 90250
2020-01-31 03:23:50, Sophia Avenue, Los Angeles, California, United States, 91406
2020-02-01 00:28:38, Boring Test Tunnel, Hawthorne, California, United States, 90250
2020-02-02 03:07:18, Perimeter Drive, , Florida, United States, 33142
2020-02-03 09:44:08, Boring Test Tunnel, Hawthorne, California, United States, 90250
2020-02-05 03:46:59, Presidential Boulevard, Austin, Texas, United States, 78719
2020-02-06 03:27:13, SpaceX Starlink Entrance, Hawthorne, California, United States, 90250
2020-02-07 08:59:59, Mathew Street, Santa Clara, California, United States, 95053
2020-02-07 10:10:09, Boring Test Tunnel, Hawthorne, California, United States, 90250
2020-02-08 00:09:21, Airport Boulevard, San Jose, California, United States, 95110
2020-02-08 03:22:52, Sherman Way, Los Angeles, California, United States, 91406
2020-02-08 04:27:51, Arminta Street, Los Angeles, California, United States, 91406
2020-02-08 04:44:26, Boring Test Tunnel, Hawthorne, California, United States, 90250
2020-02-09 08:10:25, Douglas Street, Los Angeles, California, United States, 90009
2020-02-09 08:16:13, Imperial Highway, Los Angeles, California, United States, 90245
2020-02-10 17:03:29, , Los Angeles, California, United States, 90009
2020-02-11 04:47:14, Airport Boulevard, San Jose, California, United States, 95110
2020-02-11 06:00:30, Boring Test Tunnel, Hawthorne, California, United States, 90250
2020-02-14 05:16:23, Aviation Avenue, San Jose, California, United States, 95110
2020-02-14 06:05:37, Sophia Avenue, Los Angeles, California, United States, 91406
2020-02-14 06:40:47, Boring Test Tunnel, Hawthorne, California, United States, 90250
2020-02-15 18:35:43, Sophia Avenue, Los Angeles, California, United States, 91406
2020-02-16 00:51:01, West 119th Drive, Broomfield, Colorado, United States, 80020
2020-02-17 03:16:01, Sophia Avenue, Los Angeles, California, United States, 91406
2020-02-17 03:55:27, SpaceX Starlink Entrance, Hawthorne, California, United States, 90250
2020-02-17 23:17:45, Sherman Way, Los Angeles, California, United States, 91406
2020-02-18 17:23:44, Arminta Street, Los Angeles, California, United States, 91406
2020-02-18 23:57:32, Sherman Way, Los Angeles, California, United States, 91406
2020-02-19 17:17:55, Arminta Street, Los Angeles, California, United States, 91406
2020-02-19 23:57:51, Boring Test Tunnel, Hawthorne, California, United States, 90250
2020-02-21 10:57:25, Sophia Avenue, Los Angeles, California, United States, 91406
2020-02-22 04:20:04, Boring Test Tunnel, Hawthorne, California, United States, 90250
2020-02-22 05:41:08, Sherman Way, Los Angeles, California, United States, 91406
2020-02-23 01:14:24, Arminta Street, Los Angeles, California, United States, 91406
2020-02-23 01:29:54, Boring Test Tunnel, Hawthorne, California, United States, 90250
2020-02-26 07:14:57, Airport Boulevard, San Jose, California, United States, 95110
2020-02-26 20:48:38, Boring Test Tunnel, Hawthorne, California, United States, 90250
2020-02-27 06:04:35, Airport Boulevard, San Jose, California, United States, 95110
2020-02-28 11:33:57, , Orlando, Florida, United States, 32827
2020-02-28 11:40:18, Casa Verde Road, Orlando, Florida, United States, 32827
2020-02-28 11:43:46, , Orlando, Florida, United States, 
2020-02-28 19:24:14, FreeZone Street, Orlando, Florida, United States, 32862
2020-02-29 05:40:15, Boring Test Tunnel, Hawthorne, California, United States, 90250
2020-03-01 23:15:21, East Willow Street, Long Beach, California, United States, 90815
2020-03-04 13:27:41, Mathew Street, Santa Clara, California, United States, 95053
2020-03-05 00:47:17, Boring Test Tunnel, Hawthorne, California, United States, 90250
2020-03-06 00:34:56, Airport Boulevard, San Jose, California, United States, 95110
2020-03-06 04:08:31, Sophia Avenue, Los Angeles, California, United States, 91406
2020-03-06 04:56:17, Boring Test Tunnel, Hawthorne, California, United States, 90250
2020-03-06 23:56:27, Sophia Avenue, Los Angeles, California, United States, 91406
2020-03-09 19:33:11, Radar Road, , Virginia, United States, 20102
2020-03-10 03:04:02, Northside Parkway, Los Angeles, California, United States, 90045
2020-03-10 03:22:40, Imperial Highway, Los Angeles, California, United States, 90245
2020-03-10 15:52:33, Edge Light Road, , Virginia, United States, 24965
2020-03-10 17:44:11, Vortac Road, Dulles Town Center, Virginia, United States, 20166
2020-03-10 20:28:01, Presidential Boulevard, Austin, Texas, United States, 78719
2020-03-11 21:16:55, Sherman Way, Los Angeles, California, United States, 91406
2020-03-13 00:09:21, Sepulveda Boulevard, Los Angeles, California, United States, 90009
2020-03-13 22:15:45, Sophia Avenue, Los Angeles, California, United States, 91406
2020-03-16 14:30:13, Sepulveda Boulevard, Los Angeles, California, United States, 90009
2020-03-16 22:05:45, Imperial Highway, Los Angeles, California, United States, 90245
2020-03-17 05:23:12, Airport Boulevard, San Jose, California, United States, 95110
2020-03-18 03:42:48, Sophia Avenue, Los Angeles, California, United States, 91406
2020-03-20 21:08:13, Center Lane, Titusville, Florida, United States, 32780
2020-03-21 03:29:36, Boring Test Tunnel, Hawthorne, California, United States, 90250
2020-03-22 21:11:14, Center Lane, Titusville, Florida, United States, 32780
2020-03-23 03:44:35, Sophia Avenue, Los Angeles, California, United States, 91406
2020-03-24 21:48:43, Airport Boulevard, San Jose, California, United States, 95110
2020-03-24 22:49:31, Sophia Avenue, Los Angeles, California, United States, 91406
2020-03-25 15:10:38, Sepulveda Boulevard, Los Angeles, California, United States, 90009
2020-03-25 20:48:21, Center Lane, Titusville, Florida, United States, 32780
2020-03-27 00:00:38, Sophia Avenue, Los Angeles, California, United States, 91406
2020-03-28 22:37:53, Boring Test Tunnel, Hawthorne, California, United States, 90250
2020-04-06 06:53:43, Sophia Avenue, Los Angeles, California, United States, 91406
2020-04-06 07:35:50, East Willow Street, Long Beach, California, United States, 90815
2020-05-09 03:23:29, Boring Test Tunnel, Hawthorne, California, United States, 90250
2020-05-12 00:15:21, Mack Street, Hayward, California, United States, 94545
2020-05-12 08:56:15, Boring Test Tunnel, Hawthorne, California, United States, 90250
2020-05-13 18:31:00, Airport Boulevard, San Jose, California, United States, 95110
2020-05-15 04:41:58, Boring Test Tunnel, Hawthorne, California, United States, 90250
2020-05-17 00:58:01, Airport Boulevard, San Jose, California, United States, 95110
2020-05-17 06:58:01, West 119th Drive, Broomfield, Colorado, United States, 80020
2020-05-17 22:56:39, Presidential Boulevard, Austin, Texas, United States, 78719
2020-05-20 03:03:13, Wayne Newton Boulevard, Las Vegas, Nevada, United States, 89119
2020-05-20 07:05:57, Airport Boulevard, San Jose, California, United States, 95110
2020-05-21 00:40:48, Boring Test Tunnel, Hawthorne, California, United States, 90250
2020-05-21 02:12:50, Airport Boulevard, San Jose, California, United States, 95110
2020-05-21 05:58:56, Boring Test Tunnel, Hawthorne, California, United States, 90250
2020-05-26 16:01:54, Tico Road, Titusville, Florida, United States, 32927
2020-05-26 21:33:53, Boring Test Tunnel, Hawthorne, California, United States, 90250
2020-05-29 11:56:15, Tico Road, Titusville, Florida, United States, 32927
2020-05-29 17:46:10, Boring Test Tunnel, Hawthorne, California, United States, 90250
2020-05-30 00:26:42, Center Lane, Titusville, Florida, United States, 32780
2020-05-31 18:45:22, Tower Access Road, Melbourne, Florida, United States, 32901
2020-06-01 02:14:34, Boring Test Tunnel, Hawthorne, California, United States, 90250
2020-06-01 20:11:48, Tico Road, Titusville, Florida, United States, 32927
2020-06-02 02:35:26, Boring Test Tunnel, Hawthorne, California, United States, 90250
2020-06-03 11:20:17, Dane Street, North Hertfordshire, England, United Kingdom, LU2 8PE
2020-06-04 16:22:39, Departures, South San Francisco, California, United States, 94128
2020-06-05 17:53:47, Boring Test Tunnel, Hawthorne, California, United States, 90250
2020-06-06 04:14:00, Airport Boulevard, San Jose, California, United States, 95110
2020-06-06 07:00:27, Boring Test Tunnel, Hawthorne, California, United States, 90250
2020-06-08 20:15:42, , Waco, Texas, United States, 
2020-06-09 01:23:24, Boring Test Tunnel, Hawthorne, California, United States, 90250
2020-06-10 21:57:19, Mathew Street, Santa Clara, California, United States, 95053
2020-06-11 09:35:28, Boring Test Tunnel, Hawthorne, California, United States, 90250
2020-06-19 20:48:42, North Access Road, South San Francisco, California, United States, 94128
2020-06-20 05:51:11, Sophia Avenue, Los Angeles, California, United States, 91406
2020-06-20 07:09:41, Airport Boulevard, San Jose, California, United States, 95110
2020-06-21 02:29:44, Boring Test Tunnel, Hawthorne, California, United States, 90250
2020-07-07 20:24:05, Airport Boulevard, San Jose, California, United States, 95110
2020-07-08 18:45:48, Boring Test Tunnel, Hawthorne, California, United States, 90250
2020-07-09 02:47:46, Mathew Street, Santa Clara, California, United States, 95053
2020-07-09 08:19:30, SpaceX Starlink Entrance, Hawthorne, California, United States, 90250
2020-07-14 21:11:21, Airport Boulevard, San Jose, California, United States, 95110
2020-07-16 09:00:42, Westchester Parkway, Los Angeles, California, United States, 90293
2020-07-16 09:05:49, California Street, Los Angeles, California, United States, 90245
2020-07-16 19:30:21, Boring Test Tunnel, Hawthorne, California, United States, 90250
2020-07-22 20:12:13, Airport Boulevard, San Jose, California, United States, 95110
2020-07-24 17:54:37, SpaceX Starlink Entrance, Hawthorne, California, United States, 90250
2020-07-25 20:32:21, Presidential Boulevard, Austin, Texas, United States, 78719
2020-07-27 00:15:04, Boring Test Tunnel, Hawthorne, California, United States, 90250
2020-07-27 18:28:58, Airport Road, Waco, Texas, United States, 76708
2020-07-29 01:05:39, Airport Boulevard, San Jose, California, United States, 95110
2020-07-29 02:16:21, Boring Test Tunnel, Hawthorne, California, United States, 90250
2020-07-30 04:11:00, Airport Boulevard, San Jose, California, United States, 95110
2020-07-30 07:13:24, Sepulveda Boulevard, Los Angeles, California, United States, 90009
2020-07-31 20:30:27, Airport Road, Waco, Texas, United States, 76708
2020-08-01 01:13:37, Boring Test Tunnel, Hawthorne, California, United States, 90250
2020-08-02 23:14:02, Clear Lake City Boulevard, Houston, Texas, United States, 77062
2020-08-04 03:35:55, Airport Road, Waco, Texas, United States, 76708
2020-08-05 21:24:38, Airport Boulevard, San Jose, California, United States, 95110
2020-08-05 22:43:33, Boring Test Tunnel, Hawthorne, California, United States, 90250
2020-08-06 01:27:24, Airport Boulevard, San Jose, California, United States, 95110
2020-08-07 07:11:44, Boring Test Tunnel, Hawthorne, California, United States, 90250
2020-08-11 18:26:29, Mathew Street, Santa Clara, California, United States, 95053
2020-08-13 08:23:51, Boring Test Tunnel, Hawthorne, California, United States, 90250
2020-08-20 08:31:42, Airport Boulevard, San Jose, California, United States, 95110
2020-08-20 09:34:00, Westchester Parkway, Los Angeles, California, United States, 90293
2020-08-20 09:39:02, World Way, Los Angeles, California, United States, 90009
2020-08-20 21:26:58, Airport Boulevard, San Jose, California, United States, 95110
2020-08-22 07:45:09, Boring Test Tunnel, Hawthorne, California, United States, 90250
2020-08-26 21:28:20, Presidential Boulevard, Austin, Texas, United States, 78719
2020-08-27 07:12:57, Airport Boulevard, San Jose, California, United States, 95110
2020-08-29 07:56:09, Sterile/Lounges Level 5, Los Angeles, California, United States, 90245
2020-08-29 08:06:57, California Street, Los Angeles, California, United States, 90245
2020-08-30 07:33:54, International Road, Los Angeles, California, United States, 90045
2020-08-30 16:34:50, Old Bawtry Road, Doncaster, England, United Kingdom, DN9 3BT
2020-09-01 13:38:17, A 8, Stuttgart, Baden-Württemberg, Deutschland, 70599
2020-09-01 21:37:32, Melli-Beese-Ring, , Brandenburg, Deutschland, 12529
2020-09-03 19:43:50, Waggumer Straße, Braunschweig, Niedersachsen, Deutschland, 38110
2020-09-04 06:39:46, South 170th Street, SeaTac, Washington, United States, 98148
2020-09-04 10:16:23, Sterile/Lounges Level 5, Los Angeles, California, United States, 90245
2020-09-04 10:22:24, California Street, Los Angeles, California, United States, 90245
2020-09-04 15:58:12, Boring Test Tunnel, Hawthorne, California, United States, 90250
2020-09-05 03:02:44, Perimeter Road South, Seattle, Washington, United States, 98108
2020-09-05 04:05:53, , , Idaho, United States, 
2020-09-07 09:20:52, Boring Test Tunnel, Hawthorne, California, United States, 90250
2020-09-14 08:59:34, Aviation Drive, Pflugerville, Texas, United States, 78660
2020-09-15 21:57:27, Airport Boulevard, San Jose, California, United States, 95110
2020-09-17 05:19:53, Boring Test Tunnel, Hawthorne, California, United States, 90250
2020-09-19 02:02:21, Aviation Drive, Pflugerville, Texas, United States, 78660
2020-09-21 08:13:11, Airport Boulevard, San Jose, California, United States, 95110
2020-09-21 09:18:26, Sophia Avenue, Los Angeles, California, United States, 91406
2020-09-27 16:48:57, Boring Test Tunnel, Hawthorne, California, United States, 90250
2020-09-28 09:16:05, Presidential Boulevard, Austin, Texas, United States, 78719
2020-09-30 23:59:01, Airport Road, Waco, Texas, United States, 76708
2020-10-02 07:55:53, Boring Test Tunnel, Hawthorne, California, United States, 90250
2020-10-05 05:48:56, Tico Road, Titusville, Florida, United States, 32927
2020-10-09 09:08:31, Airport Boulevard, San Jose, California, United States, 95110
2020-10-10 03:51:57, Sepulveda Boulevard, Los Angeles, California, United States, 90009
2020-10-10 19:35:25, Boring Test Tunnel, Hawthorne, California, United States, 90250
2020-10-12 03:20:47, Center Lane, Titusville, Florida, United States, 32780
2020-10-14 06:04:48, South Vermillion Avenue, Brownsville, Texas, United States, 
2020-10-16 07:34:36, Boring Test Tunnel, Hawthorne, California, United States, 90250
2020-10-19 09:32:47, South Vermillion Avenue, Brownsville, Texas, United States, 
2020-10-22 08:28:57, Mathew Street, Santa Clara, California, United States, 95053
2020-10-23 07:55:38, Concourse Level 4, Los Angeles, California, United States, 90245
2020-10-23 08:01:55, California Street, Los Angeles, California, United States, 90245
2020-10-23 17:55:34, Boring Test Tunnel, Hawthorne, California, United States, 90250
2020-10-26 08:11:06, Presidential Boulevard, Austin, Texas, United States, 78719
2020-10-31 21:07:31, Mathew Street, Santa Clara, California, United States, 95053
2020-10-31 23:30:07, Boring Test Tunnel, Hawthorne, California, United States, 90250
2020-11-01 02:59:57, Aviation Drive, Pflugerville, Texas, United States, 78660
2020-11-02 04:52:57, Sepulveda Boulevard, Los Angeles, California, United States, 90009
2020-11-02 06:33:17, Airport Boulevard, San Jose, California, United States, 95110
2020-11-02 07:53:23, Sepulveda Boulevard, Los Angeles, California, United States, 90009
2020-11-02 19:48:58, Boring Test Tunnel, Hawthorne, California, United States, 90250
2020-11-03 03:48:21, Presidential Boulevard, Austin, Texas, United States, 78719
2020-11-05 08:46:43, Melli-Beese-Ring, , Brandenburg, Deutschland, 12529
2020-11-10 02:28:11, Presidential Boulevard, Austin, Texas, United States, 78719
2020-11-11 08:40:54, Boring Test Tunnel, Hawthorne, California, United States, 90250
2020-11-12 07:55:53, Mathew Street, Santa Clara, California, United States, 95053
2020-11-15 00:57:44, Boring Test Tunnel, Hawthorne, California, United States, 90250
2020-11-15 07:01:42, West 119th Drive, Broomfield, Colorado, United States, 80020
2020-11-17 00:42:44, Presidential Boulevard, Austin, Texas, United States, 78719
2020-11-18 20:54:27, South Vermillion Avenue, Brownsville, Texas, United States, 
2020-11-21 23:38:01, Boring Test Tunnel, Hawthorne, California, United States, 90250
2020-11-22 03:45:53, South Vermillion Avenue, Brownsville, Texas, United States, 
2020-11-25 07:21:31, Presidential Boulevard, Austin, Texas, United States, 78719
2020-11-26 20:51:00, Boring Test Tunnel, Hawthorne, California, United States, 90250
2020-11-28 00:41:55, Presidential Boulevard, Austin, Texas, United States, 78719
2020-11-29 23:56:57, Burleson Road, Austin, Texas, United States, 78719
2020-11-30 08:42:39, Melli-Beese-Ring, , Brandenburg, Deutschland, 12529
2020-12-04 06:36:37, Departures, South San Francisco, California, United States, 94128
2020-12-04 23:15:31, Airport Boulevard, San Jose, California, United States, 95110
2020-12-05 05:55:51, Boring Test Tunnel, Hawthorne, California, United States, 90250
2020-12-06 09:13:56, South Vermillion Avenue, Brownsville, Texas, United States, 
2020-12-09 03:30:58, Presidential Boulevard, Austin, Texas, United States, 78719
2020-12-09 04:50:53, South Vermillion Avenue, Brownsville, Texas, United States, 
2020-12-11 23:21:15, Boring Test Tunnel, Hawthorne, California, United States, 90250
2020-12-12 07:02:13, Presidential Boulevard, Austin, Texas, United States, 78719
2020-12-14 06:09:49, Boring Test Tunnel, Hawthorne, California, United States, 90250
2020-12-14 08:55:04, Presidential Boulevard, Austin, Texas, United States, 78719
2020-12-17 04:45:43, South Vermillion Avenue, Brownsville, Texas, United States, 
2020-12-19 04:58:58, Presidential Boulevard, Austin, Texas, United States, 78719
2020-12-24 07:08:52, Boring Test Tunnel, Hawthorne, California, United States, 90250
2020-12-24 20:15:22, Sepulveda Boulevard, Los Angeles, California, United States, 90009
2020-12-24 23:14:14, Presidential Boulevard, Austin, Texas, United States, 78719
2020-12-25 02:06:41, West 119th Drive, Broomfield, Colorado, United States, 80020
2020-12-27 17:53:43, Lanui Circle, , Hawaii, United States, 96784
2020-12-29 23:59:27, Airport Boulevard, San Jose, California, United States, 95110
2020-12-30 04:15:14, Boring Test Tunnel, Hawthorne, California, United States, 90250
2020-12-31 04:59:03, Presidential Boulevard, Austin, Texas, United States, 78719
2021-01-05 08:35:58, Airport Boulevard, San Jose, California, United States, 95110
2021-01-07 10:53:31, Westchester Parkway, Los Angeles, California, United States, 90293
2021-01-07 10:58:07, Imperial Highway, Los Angeles, California, United States, 90245
2021-01-07 19:30:46, Douglas Street, Los Angeles, California, United States, 90009
2021-01-07 19:48:22, Boring Test Tunnel, Hawthorne, California, United States, 90250
2021-01-14 23:59:14, Presidential Boulevard, Austin, Texas, United States, 78719
2021-01-21 00:55:59, Mathew Street, Santa Clara, California, United States, 95053
2021-01-22 04:24:14, Boring Test Tunnel, Hawthorne, California, United States, 90250
2021-01-23 21:07:56, Sepulveda Boulevard, Los Angeles, California, United States, 90009
2021-01-24 00:52:17, Cargo Lane, Victorville, California, United States, 92301
2021-01-24 03:03:38, Alert Road, Victorville, California, United States, 92394
2021-01-24 03:39:15, Wayne Newton Boulevard, Las Vegas, Nevada, United States, 89119
2021-01-24 06:07:00, Sepulveda Boulevard, Los Angeles, California, United States, 90009
2021-01-30 08:48:39, Boring Test Tunnel, Hawthorne, California, United States, 90250
2021-02-02 06:58:31, South Vermillion Avenue, Brownsville, Texas, United States, 
2021-02-02 23:37:53, Presidential Boulevard, Austin, Texas, United States, 78719
2021-02-05 08:36:00, Boring Test Tunnel, Hawthorne, California, United States, 90250
2021-02-08 06:25:24, South Rock Boulevard, Reno, Nevada, United States, 89510
2021-02-08 12:24:59, South Vermillion Avenue, Brownsville, Texas, United States, 
2021-02-11 02:51:42, Presidential Boulevard, Austin, Texas, United States, 78719
2021-02-11 10:33:27, Mathew Street, Santa Clara, California, United States, 95053
2021-02-12 23:48:11, Boring Test Tunnel, Hawthorne, California, United States, 90250
2021-02-13 02:09:26, Mathew Street, Santa Clara, California, United States, 95053
2021-02-13 05:33:47, Presidential Boulevard, Austin, Texas, United States, 78719
2021-02-19 20:59:09, South Vermillion Avenue, Brownsville, Texas, United States, 
2021-02-20 04:05:40, Boring Test Tunnel, Hawthorne, California, United States, 90250
2021-02-22 23:15:29, Airport Boulevard, San Jose, California, United States, 95110
2021-02-28 22:53:13, World Way, Los Angeles, California, United States, 90009
2021-03-02 08:34:19, Airport Boulevard, San Jose, California, United States, 95110
2021-03-02 10:03:44, East Willow Street, Long Beach, California, United States, 90815
2021-03-14 23:58:14, Boring Test Tunnel, Hawthorne, California, United States, 90250
2021-03-15 05:27:15, Presidential Boulevard, Austin, Texas, United States, 78719
2021-03-19 08:35:43, Concourse Level 4, Los Angeles, California, United States, 90245
2021-03-19 08:43:29, Imperial Highway, Los Angeles, California, United States, 90245
2021-03-19 17:30:27, Douglas Street, Los Angeles, California, United States, 90009
2021-03-19 17:49:01, Boring Test Tunnel, Hawthorne, California, United States, 90250
2021-03-23 00:58:05, Airport Boulevard, San Jose, California, United States, 95110
2021-03-31 01:22:59, Boring Test Tunnel, Hawthorne, California, United States, 90250
2021-04-03 06:23:18, Presidential Boulevard, Austin, Texas, United States, 78719
2021-04-06 08:34:04, Perimeter Road South, Seattle, Washington, United States, 98108
2021-04-07 10:25:15, Mathew Street, Santa Clara, California, United States, 95053
2021-04-09 06:44:42, Boring Test Tunnel, Hawthorne, California, United States, 90250
2021-04-15 04:48:46, Presidential Boulevard, Austin, Texas, United States, 78719
2021-04-17 05:52:23, Boring Test Tunnel, Hawthorne, California, United States, 90250
2021-04-19 21:40:46, Airport Boulevard, San Jose, California, United States, 95110
2021-04-19 23:59:07, Boring Test Tunnel, Hawthorne, California, United States, 90250
2021-04-21 01:00:26, Airport Boulevard, San Jose, California, United States, 95110
2021-04-21 05:00:53, Boring Test Tunnel, Hawthorne, California, United States, 90250
2021-04-22 11:36:57, Bridle Path, Melbourne, Florida, United States, 32935
2021-04-22 12:46:02, Center Lane, Titusville, Florida, United States, 32780
2021-04-24 19:03:58, Bridle Path, Melbourne, Florida, United States, 32935
2021-04-30 05:22:54, Northwest 36th Street, , Florida, United States, 33142
2021-05-01 02:41:27, Boring Test Tunnel, Hawthorne, California, United States, 90250
2021-05-01 08:24:08, Northwest 57th Avenue, , Florida, United States, 33142
2021-05-04 00:26:47, Fred Wehran Drive, Teterboro, New Jersey, United States, 07608
2021-05-10 08:18:20, Sepulveda Boulevard, Los Angeles, California, United States, 90009
2021-05-10 19:24:43, Douglas Street, Los Angeles, California, United States, 90009
2021-05-10 19:51:17, Boring Test Tunnel, Hawthorne, California, United States, 90250
2021-05-11 07:08:02, Airport Boulevard, San Jose, California, United States, 95110
2021-05-14 15:33:38, Provost Way, Luton, England, United Kingdom, LU2 9LY
2021-05-16 18:10:59, Melli-Beese-Ring, , Brandenburg, Deutschland, 12529
2021-05-20 04:22:54, North Access Road, South San Francisco, California, United States, 94128
2021-05-20 18:30:54, Boring Test Tunnel, Hawthorne, California, United States, 90250
2021-05-25 07:25:38, Airport Boulevard, San Jose, California, United States, 95110
2021-05-27 00:25:27, Boring Test Tunnel, Hawthorne, California, United States, 90250
2021-05-27 03:12:49, Mathew Street, Santa Clara, California, United States, 95053
2021-05-29 02:06:25, Boring Test Tunnel, Hawthorne, California, United States, 90250
2021-05-31 22:49:05, Presidential Boulevard, Austin, Texas, United States, 78719
2021-06-09 07:35:47, Airport Boulevard, San Jose, California, United States, 95110
2021-06-10 01:55:11, Boring Test Tunnel, Hawthorne, California, United States, 90250
2021-06-11 02:17:15, Airport Boulevard, San Jose, California, United States, 95110
2021-06-11 05:50:59, Boring Test Tunnel, Hawthorne, California, United States, 90250
2021-06-26 17:46:12, Airport Boulevard, San Jose, California, United States, 95110
2021-06-26 19:55:57, Boring Test Tunnel, Hawthorne, California, United States, 90250
2021-06-27 22:47:28, Presidential Boulevard, Austin, Texas, United States, 78719
2021-06-28 01:35:45, Boring Test Tunnel, Hawthorne, California, United States, 90250
2021-06-28 02:43:13, Airport Boulevard, San Jose, California, United States, 95110
2021-06-29 02:36:00, Presidential Boulevard, Austin, Texas, United States, 78719
2021-07-02 10:42:54, Sepulveda Boulevard, Los Angeles, California, United States, 90009
2021-07-02 20:48:34, Boring Test Tunnel, Hawthorne, California, United States, 90250
2021-07-06 23:23:56, Airport Boulevard, San Jose, California, United States, 95110
2021-07-07 23:50:50, Boring Test Tunnel, Hawthorne, California, United States, 90250
2021-07-08 02:18:02, Airport Boulevard, San Jose, California, United States, 95110
2021-07-08 07:36:58, South Vermillion Avenue, Brownsville, Texas, United States, 
2021-07-11 01:01:09, Harry Burrell Boulevard, Las Cruces, New Mexico, United States, 
2021-07-11 21:35:12, Hog Island Road, Philadelphia, Pennsylvania, United States, 19153
2021-07-13 21:41:21, South Vermillion Avenue, Brownsville, Texas, United States, 
2021-07-19 01:36:44, Boring Test Tunnel, Hawthorne, California, United States, 90250
2021-07-21 07:27:26, Mathew Street, Santa Clara, California, United States, 95053
2021-07-22 09:58:29, South Vermillion Avenue, Brownsville, Texas, United States, 
2021-07-23 21:03:22, Sepulveda Boulevard, Los Angeles, California, United States, 90009
2021-07-24 07:32:27, South Vermillion Avenue, Brownsville, Texas, United States, 
2021-07-24 19:08:56, Presidential Boulevard, Austin, Texas, United States, 78719
2021-07-24 21:19:48, Center Lane, Titusville, Florida, United States, 32780
2021-07-25 00:14:45, South Vermillion Avenue, Brownsville, Texas, United States, 
2021-07-25 18:06:57, Tico Road, Titusville, Florida, United States, 32927
2021-07-25 20:50:31, South Vermillion Avenue, Brownsville, Texas, United States, 
2021-07-25 23:31:51, Center Lane, Titusville, Florida, United States, 32780
2021-07-26 02:03:54, South Vermillion Avenue, Brownsville, Texas, United States, 
2021-07-26 19:02:29, Golden Knights Boulevard, Titusville, Florida, United States, 32927
2021-07-26 21:04:31, South Vermillion Avenue, Brownsville, Texas, United States, 
2021-07-26 22:31:49, Presidential Boulevard, Austin, Texas, United States, 78719
2021-07-27 01:05:57, South Vermillion Avenue, Brownsville, Texas, United States, 
2021-07-27 17:17:39, Center Lane, Titusville, Florida, United States, 32780
2021-07-27 19:52:47, South Vermillion Avenue, Brownsville, Texas, United States, 
2021-07-27 22:55:42, Center Lane, Titusville, Florida, United States, 32780
2021-07-28 00:59:11, South Vermillion Avenue, Brownsville, Texas, United States, 
2021-07-28 17:48:57, Boring Test Tunnel, Hawthorne, California, United States, 90250
2021-07-28 21:26:31, South Vermillion Avenue, Brownsville, Texas, United States, 
2021-07-29 00:35:37, Boring Test Tunnel, Hawthorne, California, United States, 90250
2021-07-29 03:57:56, South Vermillion Avenue, Brownsville, Texas, United States, 
2021-07-29 18:42:45, Tico Road, Titusville, Florida, United States, 32927
2021-07-29 21:41:58, South Vermillion Avenue, Brownsville, Texas, United States, 
2021-07-31 04:32:46, Presidential Boulevard, Austin, Texas, United States, 78719
2021-08-01 01:19:22, South Vermillion Avenue, Brownsville, Texas, United States, 
2021-08-02 19:40:14, Boring Test Tunnel, Hawthorne, California, United States, 90250
2021-08-03 19:29:41, South Vermillion Avenue, Brownsville, Texas, United States, 
2021-08-03 22:56:58, Boring Test Tunnel, Hawthorne, California, United States, 90250
2021-08-04 03:58:10, South Vermillion Avenue, Brownsville, Texas, United States, 
2021-08-04 23:30:13, Center Lane, Titusville, Florida, United States, 32780
2021-08-05 02:23:18, South Vermillion Avenue, Brownsville, Texas, United States, 
2021-08-05 08:13:15, Mathew Street, Santa Clara, California, United States, 95053
2021-08-05 09:33:39, Boring Test Tunnel, Hawthorne, California, United States, 90250
2021-08-06 03:27:55, Airport Boulevard, San Jose, California, United States, 95110
2021-08-06 06:13:33, Northside Parkway, Los Angeles, California, United States, 90045
2021-08-06 06:20:56, Imperial Highway, Los Angeles, California, United States, 90245
2021-08-07 03:58:03, Sepulveda Boulevard, Los Angeles, California, United States, 90009
2021-08-11 15:34:35, Zaunstraße 1, Rotberg, Brandenburg, Deutschland, 12529
2021-08-11 15:42:43, Melli-Beese-Ring, , Brandenburg, Deutschland, 12529
2021-08-15 01:13:31, Boring Test Tunnel, Hawthorne, California, United States, 90250
2021-08-18 05:11:03, South Minnesota Avenue, Brownsville, Texas, United States, 
2021-08-18 08:36:06, Airport Boulevard, San Jose, California, United States, 95110
2021-08-20 05:14:13, Boring Test Tunnel, Hawthorne, California, United States, 90250
2021-08-23 05:32:32, Sepulveda Boulevard, Los Angeles, California, United States, 90009
2021-08-24 08:57:54, South Vermillion Avenue, Brownsville, Texas, United States, 
2021-08-27 20:24:43, Presidential Boulevard, Austin, Texas, United States, 78719
2021-08-31 01:32:14, Boring Test Tunnel, Hawthorne, California, United States, 90250
2021-09-01 04:27:41, Airport Boulevard, San Jose, California, United States, 95110
2021-09-03 06:05:44, Sepulveda Boulevard, Los Angeles, California, United States, 90009
2021-09-03 19:00:51, Boring Test Tunnel, Hawthorne, California, United States, 90250
2021-09-06 03:31:09, Presidential Boulevard, Austin, Texas, United States, 78719
2021-09-08 17:09:02, Boring Test Tunnel, Hawthorne, California, United States, 90250
2021-09-08 20:42:26, Presidential Boulevard, Austin, Texas, United States, 78719
2021-09-08 23:48:45, South Vermillion Avenue, Brownsville, Texas, United States, 
2021-09-12 06:12:39, Malcolm Avenue, Teterboro, New Jersey, United States, 07604
2021-09-16 04:18:09, South Vermillion Avenue, Brownsville, Texas, United States, 
2021-09-19 04:19:46, Malcolm Avenue, Teterboro, New Jersey, United States, 07604
2021-09-20 06:45:56, South Vermillion Avenue, Brownsville, Texas, United States, 
2021-09-21 03:05:55, West Apron Road, Orlando, Florida, United States, 32862
2021-09-21 05:49:51, South Vermillion Avenue, Brownsville, Texas, United States, 
2021-09-26 00:57:57, Presidential Boulevard, Austin, Texas, United States, 78719
2021-09-28 19:33:07, Boring Test Tunnel, Hawthorne, California, United States, 90250
2021-09-29 23:35:17, Airport Boulevard, San Jose, California, United States, 95110
2021-09-30 07:56:36, Presidential Boulevard, Austin, Texas, United States, 78719
2021-10-04 02:43:47, South Vermillion Avenue, Brownsville, Texas, United States, 
2021-10-05 20:27:53, Presidential Boulevard, Austin, Texas, United States, 78719
2021-10-06 13:34:14, South Vermillion Avenue, Brownsville, Texas, United States, 
2021-10-06 14:49:48, Presidential Boulevard, Austin, Texas, United States, 78719
2021-10-08 13:42:48, Zaunstraße 1, Selchow, Brandenburg, Deutschland, 12529
2021-10-08 13:50:35, Melli-Beese-Ring, , Brandenburg, Deutschland, 12529
2021-10-09 18:24:13, Betriebsstraße 25, Selchow, Brandenburg, Deutschland, 12529
2021-10-10 04:31:39, South Vermillion Avenue, Brownsville, Texas, United States, 
2021-10-16 02:49:25, SpaceX Starlink Entrance, Hawthorne, California, United States, 90250
2021-10-18 21:09:57, Airport Boulevard, San Jose, California, United States, 95110
2021-10-19 08:11:07, Presidential Boulevard, Austin, Texas, United States, 78719
2021-10-21 02:57:32, South Vermillion Avenue, Brownsville, Texas, United States, 
2021-10-23 22:16:03, Presidential Boulevard, Austin, Texas, United States, 78719
2021-10-27 00:13:43, South Vermillion Avenue, Brownsville, Texas, United States, 
2021-10-30 01:56:25, Northside Parkway, Los Angeles, California, United States, 90045
2021-10-30 02:07:11, California Street, Los Angeles, California, United States, 90245
2021-10-30 18:35:44, Douglas Street, Los Angeles, California, United States, 90009
2021-10-30 18:57:36, Boring Test Tunnel, Hawthorne, California, United States, 90250
2021-10-31 20:07:39, South Vermillion Avenue, Brownsville, Texas, United States, 
2021-11-02 02:09:13, Presidential Boulevard, Austin, Texas, United States, 78719
2021-11-05 14:32:16, East Willow Street, Long Beach, California, United States, 90815
2021-11-07 23:41:35, Presidential Boulevard, Austin, Texas, United States, 78719
2021-11-08 02:24:33, South Vermillion Avenue, Brownsville, Texas, United States, 
2021-11-11 10:08:32, Yolanda Del Rio Road, , Texas, United States, 
2021-11-11 10:08:50, , Brownsville, Texas, United States, 
2021-11-11 10:09:12, Medford Avenue, Brownsville, Texas, United States, 78521
2021-11-11 10:09:24, , , Texas, United States, 
2021-11-11 10:50:00, Presidential Boulevard, Austin, Texas, United States, 78719
2021-11-11 23:17:06, South Vermillion Avenue, Brownsville, Texas, United States, 
2021-11-12 13:00:50, Presidential Boulevard, Austin, Texas, United States, 78719
2021-11-12 15:19:08, South Vermillion Avenue, Brownsville, Texas, United States, 
2021-11-13 19:27:29, Island Avenue, Philadelphia, Pennsylvania, United States, 19153
2021-11-14 01:38:06, South Vermillion Avenue, Brownsville, Texas, United States, 
2021-11-14 19:33:16, Malcolm Avenue, Teterboro, New Jersey, United States, 07604
2021-11-14 23:50:22, South Vermillion Avenue, Brownsville, Texas, United States, 
2021-11-15 01:14:56, Presidential Boulevard, Austin, Texas, United States, 78719
2021-11-19 20:55:33, South Vermillion Avenue, Brownsville, Texas, United States, 
2021-11-20 23:32:11, Presidential Boulevard, Austin, Texas, United States, 78719
2021-11-22 21:35:56, South Vermillion Avenue, Brownsville, Texas, United States, 
2021-11-24 00:25:08, Presidential Boulevard, Austin, Texas, United States, 78719
2021-11-24 23:39:00, Boring Test Tunnel, Hawthorne, California, United States, 90250
2021-11-25 04:33:40, Presidential Boulevard, Austin, Texas, United States, 78719
2021-11-27 03:46:15, Boring Test Tunnel, Hawthorne, California, United States, 90250
2021-11-28 09:24:36, Presidential Boulevard, Austin, Texas, United States, 78719
2021-12-02 02:34:10, Northwest 57th Avenue, , Florida, United States, 33142
2021-12-02 09:02:27, South Vermillion Avenue, Brownsville, Texas, United States, 
2021-12-04 01:20:35, Presidential Boulevard, Austin, Texas, United States, 78719
2021-12-09 04:45:25, South Vermillion Avenue, Brownsville, Texas, United States, 
2021-12-09 19:15:12, Presidential Boulevard, Austin, Texas, United States, 78719
2021-12-15 16:53:56, Boring Test Tunnel, Hawthorne, California, United States, 90250
2021-12-16 02:40:05, Presidential Boulevard, Austin, Texas, United States, 78719
2021-12-16 22:34:22, South Vermillion Avenue, Brownsville, Texas, United States, 
2021-12-18 01:57:19, Presidential Boulevard, Austin, Texas, United States, 78719
2021-12-21 00:20:17, South Vermillion Avenue, Brownsville, Texas, United States, 
2021-12-22 02:06:50, Presidential Boulevard, Austin, Texas, United States, 78719
2021-12-22 21:47:21, South Vermillion Avenue, Brownsville, Texas, United States, 
2022-01-02 23:41:20, Presidential Boulevard, Austin, Texas, United States, 78719
2022-01-04 03:52:16, Boring Test Tunnel, Hawthorne, California, United States, 90250
2022-01-07 02:11:02, Presidential Boulevard, Austin, Texas, United States, 78719
2022-01-14 03:31:45, Airport Boulevard, San Jose, California, United States, 95110
2022-01-16 07:26:57, Boring Test Tunnel, Hawthorne, California, United States, 90250
2022-01-16 10:21:53, Presidential Boulevard, Austin, Texas, United States, 78719
2022-01-25 03:21:31, Lanui Circle, , Hawaii, United States, 96784
2022-01-25 10:14:27, Presidential Boulevard, Austin, Texas, United States, 78719
2022-02-09 10:59:49, Boring Test Tunnel, Hawthorne, California, United States, 90250
2022-02-11 01:05:39, South Vermillion Avenue, Brownsville, Texas, United States, 
2022-02-11 20:54:03, Presidential Boulevard, Austin, Texas, United States, 78719
2022-02-17 22:26:50, Boring Test Tunnel, Hawthorne, California, United States, 90250
2022-02-20 10:11:37, Presidential Boulevard, Austin, Texas, United States, 78719
2022-02-24 00:39:18, Airport Boulevard, San Jose, California, United States, 95110
2022-02-24 08:55:40, Presidential Boulevard, Austin, Texas, United States, 78719
2022-02-27 00:58:09, South Minnesota Avenue, Brownsville, Texas, United States, 
2022-02-27 01:41:15, Presidential Boulevard, Austin, Texas, United States, 78719
2022-02-28 18:29:25, Sophia Avenue, Los Angeles, California, United States, 91406
2022-04-11 19:09:28, Presidential Boulevard, Austin, Texas, United States, 78719
2022-04-13 06:34:49, Grant McConachie Way, Richmond, British Columbia, Canada, V7B 1W0
2022-04-14 20:43:51, Perimeter Road South, Seattle, Washington, United States, 98108
2022-04-15 00:31:41, Presidential Boulevard, Austin, Texas, United States, 78719
2022-05-15 19:00:18, Boring Test Tunnel, Hawthorne, California, United States, 90250
2022-05-15 21:18:55, Presidential Boulevard, Austin, Texas, United States, 78719
2022-05-19 03:49:41, South Vermillion Avenue, Brownsville, Texas, United States, 
2022-05-21 03:25:19, A Avenue, Houston, Texas, United States, 77061
2022-05-21 04:16:49, Presidential Boulevard, Austin, Texas, United States, 78719
2022-05-21 22:43:02, Boring Test Tunnel, Hawthorne, California, United States, 90250
2022-05-22 21:23:34, Presidential Boulevard, Austin, Texas, United States, 78719
2022-05-27 02:02:12, Boring Test Tunnel, Hawthorne, California, United States, 90250
2022-05-27 03:47:08, Sepulveda Boulevard, Los Angeles, California, United States, 90009
2022-05-30 06:42:28, A Avenue, Houston, Texas, United States, 77061
2022-05-30 07:34:58, Presidential Boulevard, Austin, Texas, United States, 78719
2022-06-02 17:53:24, South Vermillion Avenue, Brownsville, Texas, United States, 
2022-06-03 18:10:51, Presidential Boulevard, Austin, Texas, United States, 78719
2022-06-06 02:47:06, Boring Test Tunnel, Hawthorne, California, United States, 90250
2022-06-07 20:28:30, Airport Boulevard, San Jose, California, United States, 95110
2022-06-09 08:16:11, Presidential Boulevard, Austin, Texas, United States, 78719
2022-06-14 02:51:44, South Vermillion Avenue, Brownsville, Texas, United States, 
2022-06-15 03:35:10, Presidential Boulevard, Austin, Texas, United States, 78719
2022-06-15 21:58:02, Boring Test Tunnel, Hawthorne, California, United States, 90250
2022-06-16 02:50:25, Presidential Boulevard, Austin, Texas, United States, 78719
2022-07-01 11:40:11, Via Dalmazia, Ciampino, Lazio, Italia, 00043
2022-07-01 16:52:00, Partenze, Venezia, Veneto, Italia, 
2022-07-04 00:16:59, South Vermillion Avenue, Brownsville, Texas, United States, 
2022-07-04 19:22:14, Presidential Boulevard, Austin, Texas, United States, 78719
2022-07-04 22:35:06, Boring Test Tunnel, Hawthorne, California, United States, 90250
2022-07-05 21:58:36, Presidential Boulevard, Austin, Texas, United States, 78719
2022-07-12 02:26:33, South Vermillion Avenue, Brownsville, Texas, United States, 
2022-07-13 19:18:42, Airport Boulevard, San Jose, California, United States, 95110
2022-07-14 05:41:20, Boring Test Tunnel, Hawthorne, California, United States, 90250
2022-07-15 04:18:57, Presidential Boulevard, Austin, Texas, United States, 78719
2022-07-19 01:12:00, East Willow Street, Long Beach, California, United States, 90815
2022-07-22 00:21:35, South Vermillion Avenue, Brownsville, Texas, United States, 
2022-07-22 01:48:52, Presidential Boulevard, Austin, Texas, United States, 78719
2022-07-24 03:18:03, Mathew Street, Santa Clara, California, United States, 95053
2022-07-25 02:54:44, Presidential Boulevard, Austin, Texas, United States, 78719
2022-07-29 00:03:55, South Vermillion Avenue, Brownsville, Texas, United States, 
2022-07-29 19:34:53, Presidential Boulevard, Austin, Texas, United States, 78719
2022-08-05 03:41:51, South Vermillion Avenue, Brownsville, Texas, United States, 
2022-08-08 23:13:51, Boring Test Tunnel, Hawthorne, California, United States, 90250
2022-08-09 17:42:25, Mathew Street, Santa Clara, California, United States, 95053
2022-08-11 00:11:46, Presidential Boulevard, Austin, Texas, United States, 78719
2022-08-11 02:03:29, South Vermillion Avenue, Brownsville, Texas, United States, 
2022-08-12 19:01:13, Mathew Street, Santa Clara, California, United States, 95053
2022-08-13 02:48:07, South Vermillion Avenue, Brownsville, Texas, United States, 
2022-08-15 01:01:14, Presidential Boulevard, Austin, Texas, United States, 78719
2022-08-20 19:06:16, South Minnesota Avenue, Brownsville, Texas, United States, 
2022-08-20 22:24:22, Rust Avenue, Westhampton, New York, United States, 11978
2022-08-22 20:07:50, Presidential Boulevard, Austin, Texas, United States, 78719
2022-08-23 20:19:51, Airport Boulevard, San Jose, California, United States, 95110
2022-08-25 01:55:37, Boring Test Tunnel, Hawthorne, California, United States, 90250
2022-08-25 22:05:32, South Vermillion Avenue, Brownsville, Texas, United States, 
2022-08-26 19:36:16, Presidential Boulevard, Austin, Texas, United States, 78719
2022-08-27 21:01:16, Sepulveda Boulevard, Los Angeles, California, United States, 90009
2022-08-29 07:20:12, Ljosheimvegen, Sola, , Norge, 4050
2022-08-29 18:58:33, Melli-Beese-Ring, , Brandenburg, Deutschland, 12529
2022-08-31 02:26:50, Sepulveda Boulevard, Los Angeles, California, United States, 90009
2022-09-01 04:25:38, Post Road, , Rhode Island, United States, 02886
2022-09-01 16:55:17, Malcolm Avenue, Teterboro, New Jersey, United States, 07604
2022-09-01 22:47:43, Presidential Boulevard, Austin, Texas, United States, 78719
2022-09-09 00:06:18, South Vermillion Avenue, Brownsville, Texas, United States, 
2022-09-10 08:51:24, Westchester Parkway, Los Angeles, California, United States, 90293
2022-09-10 08:56:35, Imperial Highway, Los Angeles, California, United States, 90245
2022-09-10 23:17:14, Presidential Boulevard, Austin, Texas, United States, 78719
2022-09-13 20:08:38, Airport Boulevard, San Jose, California, United States, 95110
2022-09-15 01:51:37, Boring Test Tunnel, Hawthorne, California, United States, 90250
2022-09-17 02:02:11, Presidential Boulevard, Austin, Texas, United States, 78719
2022-09-22 03:49:38, South Vermillion Avenue, Brownsville, Texas, United States, 
2022-09-22 18:48:11, Presidential Boulevard, Austin, Texas, United States, 78719
2022-09-24 00:08:40, West 119th Drive, Broomfield, Colorado, United States, 80020
2022-09-25 22:09:56, Presidential Boulevard, Austin, Texas, United States, 78719
2022-09-27 19:58:26, Airport Boulevard, San Jose, California, United States, 95110
2022-09-30 22:09:19, Boring Test Tunnel, Hawthorne, California, United States, 90250
2022-09-30 23:38:26, Airport Boulevard, San Jose, California, United States, 95110
2022-10-01 08:41:36, Herb Kelleher Way, Dallas, Texas, United States, 75235
2022-10-01 21:39:29, Presidential Boulevard, Austin, Texas, United States, 78719
2022-10-02 23:26:45, South Vermillion Avenue, Brownsville, Texas, United States, 
2022-10-03 23:49:41, Presidential Boulevard, Austin, Texas, United States, 78719
2022-10-13 18:51:47, South Vermillion Avenue, Brownsville, Texas, United States, 
2022-10-15 00:18:59, Presidential Boulevard, Austin, Texas, United States, 78719
2022-10-18 17:54:48, Airport Boulevard, San Jose, California, United States, 95110
2022-10-19 18:56:51, Presidential Boulevard, Austin, Texas, United States, 78719
2022-10-26 02:20:15, Airport Boulevard, San Jose, California, United States, 95110
2022-10-26 03:48:01, Boring Test Tunnel, Hawthorne, California, United States, 90250
2022-10-27 04:38:08, Airport Boulevard, San Jose, California, United States, 95110
2022-10-30 03:39:31, Boring Test Tunnel, Hawthorne, California, United States, 90250
2022-10-31 05:53:23, Malcolm Avenue, Teterboro, New Jersey, United States, 07604
2022-11-02 01:35:41, Edge Light Road, , Virginia, United States, 24965
2022-11-02 22:42:40, North Access Road, , California, United States, 94128
2022-11-02 23:46:15, South Airport Boulevard, South San Francisco, California, United States, 94128
2022-11-02 23:54:13, Departures, South San Francisco, California, United States, 94128
2022-11-03 00:19:54, Mathew Street, Santa Clara, California, United States, 95053
2022-11-04 09:42:52, Malcolm Avenue, Teterboro, New Jersey, United States, 07604
2022-11-05 02:36:24, Presidential Boulevard, Austin, Texas, United States, 78719
2022-11-07 16:23:22, North Access Road, South San Francisco, California, United States, 94128
2022-11-12 08:13:26, Presidential Boulevard, Austin, Texas, United States, 78719
2022-11-14 08:12:32, North Access Road, , California, United States, 94128
2022-11-16 17:15:44, Boring Test Tunnel, Hawthorne, California, United States, 90250
2022-11-18 00:50:17, Earhart Road, Oakland, California, United States, 94614
2022-11-19 10:01:59, Air Cargo Way, Oakland, California, United States, 94614
2022-11-19 12:45:39, Presidential Boulevard, Austin, Texas, United States, 78719
2022-11-21 06:54:01, Earhart Road, Oakland, California, United States, 94614
2022-11-24 04:43:13, Presidential Boulevard, Austin, Texas, United States, 78719
2022-11-28 03:18:16, Earhart Road, Oakland, California, United States, 94614
2022-12-01 23:04:51, Air Cargo Way, Oakland, California, United States, 94614
2022-12-01 23:40:11, Vassar Street, Reno, Nevada, United States, 89510
2022-12-02 05:29:54, , Oakland, California, United States, 
2022-12-02 05:38:01, Ron Cowan Parkway, Oakland, California, United States, 94614
2022-12-02 18:28:57, Edward White Way, Oakland, California, United States, 94614
2022-12-02 21:29:54, Loyola Drive, Kenner, Louisiana, United States, 70062
2022-12-03 04:46:14, Earhart Road, Oakland, California, United States, 94614
2022-12-03 22:06:14, Air Cargo Way, Oakland, California, United States, 94614
2022-12-04 01:46:28, Edge Light Road, Dulles Town Center, Virginia, United States, 20166
2022-12-04 01:49:24, Saarinen Circle, Dulles Town Center, Virginia, United States, 20166
2022-12-04 04:43:47, Takeoff Road, , Virginia, United States, 20196
2022-12-05 06:26:48, Earhart Road, Oakland, California, United States, 94614
2022-12-13 02:51:03, Air Cargo Way, Oakland, California, United States, 94614
2022-12-13 03:48:45, Sepulveda Boulevard, Los Angeles, California, United States, 90009
2022-12-14 10:06:20, Presidential Boulevard, Austin, Texas, United States, 78719
2022-12-16 00:40:19, Airport Boulevard, San Jose, California, United States, 95110
2022-12-18 05:40:28, Provost Way, Luton, England, United Kingdom, LU2 9LY
2022-12-19 07:29:14, خور العديد, الدوحة, , قطر, 
2022-12-19 14:44:54, Airport Way, Luton, England, United Kingdom, LU2 9NE
2022-12-20 01:16:01, Presidential Boulevard, Austin, Texas, United States, 78719
2022-12-21 22:05:56, Edward White Way, Oakland, California, United States, 94614
2022-12-24 05:50:31, John Glenn Drive, Oakland, California, United States, 94614
2022-12-24 07:48:33, Airport Boulevard, , California, United States, 95837
2022-12-24 07:56:06, Flightline Circle, , California, United States, 95837
2022-12-24 23:50:27, , , California, United States, 
2022-12-25 00:44:52, Westchester Parkway, Los Angeles, California, United States, 90293
2022-12-25 00:59:35, Imperial Highway, Los Angeles, California, United States, 90245
2022-12-25 01:32:19, Hughes Way, Los Angeles, California, United States, 90245
2022-12-25 02:36:04, Reservoir Road, , California, United States, 95837
2022-12-25 05:24:27, West 119th Drive, Broomfield, Colorado, United States, 80020
2022-12-27 00:37:11, Presidential Boulevard, Austin, Texas, United States, 78719
2022-12-27 04:36:50, Reservoir Road, , California, United States, 95837
2022-12-27 07:33:15, Presidential Boulevard, Austin, Texas, United States, 78719
2022-12-28 21:23:58, Sepulveda Boulevard, Los Angeles, California, United States, 90009
2022-12-29 00:31:10, East Willow Street, Long Beach, California, United States, 90815
2022-12-29 01:33:41, Boring Test Tunnel, Hawthorne, California, United States, 90250
2023-01-03 00:21:12, Presidential Boulevard, Austin, Texas, United States, 78719
2023-01-04 00:42:25, , Oakland, California, United States, 
2023-01-04 00:46:23, Ron Cowan Parkway, Oakland, California, United States, 94614
2023-01-08 00:37:39, Presidential Boulevard, Austin, Texas, United States, 78719
2023-01-10 02:44:44, Earhart Road, Oakland, California, United States, 94614
2023-01-10 19:40:34, Air Cargo Way, Oakland, California, United States, 94614
2023-01-10 22:30:36, Presidential Boulevard, Austin, Texas, United States, 78719
2023-01-16 21:19:59, Earhart Road, Oakland, California, United States, 94614
2023-01-22 00:55:28, Air Cargo Way, Oakland, California, United States, 94614
2023-01-22 01:51:07, Vanowen Street, Los Angeles, California, United States, 91515
2023-01-23 03:54:23, Post Road, , Rhode Island, United States, 02886
2023-01-23 09:29:12, Edward White Way, Oakland, California, United States, 94614
2023-01-24 20:46:52, John Glenn Drive, Oakland, California, United States, 94614
2023-01-24 21:23:55, South Rock Boulevard, Reno, Nevada, United States, 89510
2023-01-25 00:43:45, Edward White Way, Oakland, California, United States, 94614
2023-01-26 16:20:59, South Loop Road, Alameda, California, United States, 94502
2023-01-26 20:28:32, Edge Light Road, Dulles Town Center, Virginia, United States, 20166
2023-01-26 20:32:58, Tank Farm Road, , Virginia, United States, 20196
2023-01-27 19:03:46, Golf Road, , Virginia, United States, 20102
2023-01-27 23:59:11, Edward White Way, Oakland, California, United States, 94614
2023-01-28 19:56:23, John Glenn Drive, Oakland, California, United States, 94614
2023-01-28 22:32:58, Presidential Boulevard, Austin, Texas, United States, 78719
2023-01-29 18:21:35, California Road, Brownsville, Texas, United States, 78521
2023-01-31 22:19:18, Earhart Road, Oakland, California, United States, 94614
2023-02-04 00:12:57, Air Cargo Way, Oakland, California, United States, 94614
2023-02-04 02:57:42, Presidential Boulevard, Austin, Texas, United States, 78719
2023-02-07 00:58:10, Earhart Road, Oakland, California, United States, 94614
2023-02-08 04:02:31, Air Cargo Way, Oakland, California, United States, 94614
2023-02-08 05:08:03, Boring Test Tunnel, Hawthorne, California, United States, 90250
2023-02-09 05:51:00, Earhart Road, Oakland, California, United States, 94614
2023-02-12 20:29:35, Air Cargo Way, Oakland, California, United States, 94614
2023-02-12 22:04:36, South Bullard Avenue, Goodyear, Arizona, United States, 85395
2023-02-13 04:55:19, Earhart Road, Oakland, California, United States, 94614
2023-02-19 20:23:39, Air Cargo Way, Oakland, California, United States, 94614
2023-02-19 23:11:51, Presidential Boulevard, Austin, Texas, United States, 78719
2023-02-21 21:25:42, Air Cargo Way, Oakland, California, United States, 94614
2023-02-21 21:29:51, Ron Cowan Parkway, Oakland, California, United States, 94614
2023-02-23 23:17:34, Edward White Way, Oakland, California, United States, 94614
2023-02-24 02:11:29, Presidential Boulevard, Austin, Texas, United States, 78719
